639-1,639-2,639-2/B,639-3,639-5,Language name(s) from ISO 639-2,Scope,Type,Native name(s),Other name(s)
aa,aar,,aar,,Afar,Individual,Living,Qafaraf; â€™Afar Af; Afaraf; Qafar af,
ab,abk,,abk,,Abkhazian,Individual,Living,ĞÒ§ÑÑƒĞ° Ğ±Ñ‹Ğ·ÑˆÓ™Ğ° AÆ¥sua bÄ±zÅ¡wa; ĞÒ§ÑÑˆÓ™Ğ° AÆ¥sua,Abkhaz
,ace,,ace,,Achinese,Individual,Living,Ø¨Ù‡Ø³Ø§ Ø§Ú†ÙŠÙ‡,Acehnese
,ach,,ach,,Acoli,Individual,Living,Lwo,Acholi
,ada,,ada,,Adangme,Individual,Living,Dangme,Dangme
,ady,,ady,,Adyghe; Adygei,Individual,Living,ĞĞ´Ñ‹Ğ³Ğ°Ğ±Ğ·Ñ; ĞšÓĞ°Ñ…Ñ‹Ğ±Ğ·Ñ,West Circassian
,afa,,,afa,Afro-Asiatic languages,Collective,,,
,afh,,afh,,Afrihili,Individual,Constructed,El-Afrihili,
af,afr,,afr,,Afrikaans,Individual,Living,Afrikaans,
,ain,,ain,,Ainu,Individual,Living,ã‚¢ã‚¤ãƒŒãƒ»ã‚¤ã‚¿ã‡° Ainu-itak,
ak,aka,,aka,,Akan,Macrolanguage,Living,Akan,
,akk,,akk,,Akkadian,Individual,Ancient,ğ’€ğ’…—ğ’ºğ’Œ‘,
,ale,,ale,,Aleut,Individual,Living,Ğ£Ğ½Ğ°ÌÓˆĞ°Ğ¼ Ñ‚ÑƒĞ½ÑƒÑƒÌ; Ğ£Ğ½Ğ°ÓˆĞ°Ğ½ ÑƒĞ¼ÑÑƒÑƒ,
,alg,,,alg,Algonquian languages,Collective,,,
,alt,,alt,,Southern Altai,Individual,Living,ĞĞ»Ñ‚Ğ°Ğ¹ Ñ‚Ğ¸Ğ»Ğ¸,
am,amh,,amh,,Amharic,Individual,Living,áŠ áˆ›áˆ­áŠ› AmÃ¢rÄ±Ã±Ã¢,
,ang,,ang,,"English, Old (ca.450-1100)",Individual,Historical,Ã†nglisc; Anglisc; Englisc,
,anp,,anp,,Angika,Individual,Living,,
,apa,,,apa,Apache languages,Collective,,,Southern Athabaskan languages
ar,ara,,ara,,Arabic,Macrolanguage,Living,Ø§Ù„Ø¹ÙØ±ÙØ¨ÙÙŠÙÙ‘Ø© al'Arabiyyeáº—,
,arc,,arc,,Official Aramaic (700-300 BCE); Imperial Aramaic (700-300 BCE),Individual,Ancient,,
an,arg,,arg,,Aragonese,Individual,Living,aragonÃ©s,
,arn,,arn,,Mapudungun; Mapuche,Individual,Living,,
,arp,,arp,,Arapaho,Individual,Living,HinÃ³noÊ¼eitÃ­Ã­t,
,art,,,art,Artificial languages,Collective,,,
,arw,,arw,,Arawak,Individual,Living,Lokono,Lokono
as,asm,,asm,,Assamese,Individual,Living,à¦…à¦¸à¦®à§€à¦¯à¦¼à¦¾,
,ast,,ast,,Asturian; Bable; Leonese; Asturleonese,Individual,Living,Asturianu,
,ath,,,ath,Athapascan languages,Collective,,,Athabaskan languages
,aus,,,aus,Australian languages,Collective,,,
av,ava,,ava,,Avaric,Individual,Living,ĞœĞ°Ğ³ÓĞ°Ñ€ÑƒĞ» Ğ¼Ğ°Ñ†Ó; ĞĞ²Ğ°Ñ€ Ğ¼Ğ°Ñ†Ó,Avar
ae,ave,,ave,,Avestan,Individual,Ancient,,
,awa,,awa,,Awadhi,Individual,Living,à¤…à¤µà¤§à¥€,
ay,aym,,aym,,Aymara,Macrolanguage,Living,Aymar aru,
az,aze,,aze,,Azerbaijani,Macrolanguage,Living,AzÉ™rbaycan dili; Ø¢Ø°Ø±Ø¨Ø§ÛŒØ¬Ø§Ù† Ø¯ÛŒÙ„ÛŒ; ĞĞ·Ó™Ñ€Ğ±Ğ°Ñ˜Ò¹Ğ°Ğ½ Ğ´Ğ¸Ğ»Ğ¸,
,bad,,,bad,Banda languages,Collective,,,
,bai,,,bai,Bamileke languages,Collective,,BamilÃ©kÃ©,
ba,bak,,bak,,Bashkir,Individual,Living,Ğ‘Ğ°ÑˆÒ¡Ğ¾Ñ€Ñ‚ Ñ‚ĞµĞ»Ğµ; BaÅŸqort tele,
,bal,,bal,,Baluchi,Macrolanguage,Living,Ø¨Ù„ÙˆÚ†ÛŒ,Balochi
bm,bam,,bam,,Bambara,Individual,Living,ß“ßŠß¡ßŠß£ßŠß£ßßŠß£,
,ban,,ban,,Balinese,Individual,Living,á¬ªá¬µá¬±á¬©á¬®á¬¶; á¬©á¬²á¬©á¬®á¬¶; Basa Bali,
,bas,,bas,,Basa,Individual,Living,Mbene; ÆasaÃ¡,Basaa
,bat,,,bat,Baltic languages,Collective,,,
,bej,,bej,,Beja; Bedawiyet,Individual,Living,Bidhaawyeet,
be,bel,,bel,,Belarusian,Individual,Living,Ğ‘ĞµĞ»Ğ°Ñ€ÑƒÑĞºĞ°Ñ Ğ¼Ğ¾Ğ²Ğ° BelaruskaÃ¢ mova,
,bem,,bem,,Bemba,Individual,Living,Chibemba,
bn,ben,,ben,,Bengali,Individual,Living,à¦¬à¦¾à¦‚à¦²à¦¾ BÄÅ‹lÄ,
,ber,,,ber,Berber languages,Collective,,TamaziÉ£t; Tamazight; âµœâ´°âµâ´°âµ£âµ‰âµ–âµœ; âµâ´°âµâ´°âµ£âµ‰âµ—âµ; âµœâ´°âµâ´°âµ£âµ‰âµ—âµœ,Amazigh languages
,bho,,bho,,Bhojpuri,Individual,Living,à¤­à¥‹à¤œà¤ªà¥à¤°à¥€,
bh,bih,,,bih,Bihari languages,Collective,,,
,bik,,bik,,Bikol,Macrolanguage,Living,,
,bin,,bin,,Bini; Edo,Individual,Living,áº¸Ì€dÃ³,
bi,bis,,bis,,Bislama,Individual,Living,,
,bla,,bla,,Siksika,Individual,Living,á“±á–½á§á–¿,Blackfoot
,bnt,,,bnt,Bantu languages,Collective,,,
bo,bod,tib,bod,,Tibetan,Individual,Living,à½–à½¼à½‘à¼‹à½¦à¾à½‘à¼‹ Bodskad; à½£à¾·à¼‹à½¦à½ à½²à¼‹à½¦à¾à½‘à¼‹ Lhas'iskad,
bs,bos,,bos,,Bosnian,Individual,Living,bosanski,
,bra,,bra,,Braj,Individual,Living,,Braj BhÄshÄ
br,bre,,bre,,Breton,Individual,Living,Brezhoneg,
,btk,,,btk,Batak languages,Collective,,,
,bua,,bua,,Buriat,Macrolanguage,Living,Ğ±ÑƒÑ€ÑĞ°Ğ´ Ñ…ÑĞ»ÑĞ½,Buryat
,bug,,bug,,Buginese,Individual,Living,á¨…á¨” á¨•á¨˜á¨á¨—,
bg,bul,,bul,,Bulgarian,Individual,Living,Ğ±ÑŠĞ»Ğ³Ğ°Ñ€ÑĞºĞ¸ ĞµĞ·Ğ¸Ğº bÄƒlgarski ezik,
,byn,,byn,,Blin; Bilin,Individual,Living,á‰¥áˆŠáŠ“; á‰¥áˆŠáŠ•,Bilen
,cad,,cad,,Caddo,Individual,Living,HasÃ­:nay,
,cai,,,cai,Central American Indian languages,Collective,,,
,car,,car,,Galibi Carib,Individual,Living,Kari'nja,Carib
ca,cat,,cat,,Catalan; Valencian,Individual,Living,catalÃ ,
,cau,,,cau,Caucasian languages,Collective,,,
,ceb,,ceb,,Cebuano,Individual,Living,Sinugbuanong BinisayÃ¢,
,cel,,,cel,Celtic languages,Collective,,,
cs,ces,cze,ces,,Czech,Individual,Living,ÄeÅ¡tina; ÄeskÃ½ jazyk,
ch,cha,,cha,,Chamorro,Individual,Living,Finu' Chamoru,
,chb,,chb,,Chibcha,Individual,Extinct,Muysccubun,
ce,che,,che,,Chechen,Individual,Living,ĞĞ¾Ñ…Ñ‡Ğ¸Ğ¹Ğ½ Ğ¼Ğ¾Ñ‚Ñ‚; Ù†ÙØ§Ø®Ú†ÛŒÛŒÙ† Ù…ÙˆÙ“ØªØª; áƒœáƒáƒ®áƒ©áƒ˜áƒ” áƒ›áƒ£áƒáƒ—áƒ—,
,chg,,chg,,Chagatai,Individual,Extinct,Ø¬ØºØªØ§ÛŒ,
,chk,,chk,,Chuukese,Individual,Living,,
,chm,,chm,,Mari,Macrolanguage,Living,Ğ¼Ğ°Ñ€Ğ¸Ğ¹ Ğ¹Ñ‹Ğ»Ğ¼Ğµ,
,chn,,chn,,Chinook jargon,Individual,Living,chinuk wawa; wawa; chinook lelang; lelang,
,cho,,cho,,Choctaw,Individual,Living,Chahta',
,chp,,chp,,Chipewyan; Dene Suline,Individual,Living,á‘Œá“€á“±á’¼á•„á“€ (DÃ«nesÅ³Å‚inÃ©),
,chr,,chr,,Cherokee,Individual,Living,á£á³á© á¦á¬á‚á¯áá— Tsalagi gawonihisdi,
cu,chu,,chu,,Church Slavic; Old Slavonic; Church Slavonic; Old Bulgarian; Old Church Slavonic,Individual,Ancient,Ğ¡Ğ»Ğ°Ğ²ĞµÌĞ½ÑĞºÑ—Ğ¹ Ñ§Ò†Ğ·Ñ‹ÌĞºÑŠ,
cv,chv,,chv,,Chuvash,Individual,Living,Ğ§Ó‘Ğ²Ğ°ÑˆĞ»Ğ°,
,chy,,chy,,Cheyenne,Individual,Living,TsÄ—hÃ©senÄ—stsestÈ¯tse,
,cmc,,,cmc,Chamic languages,Collective,,,
,cnr,,cnr,,Montenegrin,Individual,Living,crnogorski / Ñ†Ñ€Ğ½Ğ¾Ğ³Ğ¾Ñ€ÑĞºĞ¸,
,cop,,cop,,Coptic,Individual,Extinct,Ï¯â²™â²‰â²‘â²£â²‰â²™â²›Ì€â²­â²â²™â²“; â²§â²™â²›Ì„â²§â²£â²™Ì„â²›Ì„â²•â²â²™â²‰,
kw,cor,,cor,,Cornish,Individual,Living,Kernowek,
co,cos,,cos,,Corsican,Individual,Living,Corsu; Lingua corsa,
,cpe,,,cpe,"Creoles and pidgins, English based",Collective,,,
,cpf,,,cpf,"Creoles and pidgins, French-based",Collective,,,
,cpp,,,cpp,"Creoles and pidgins, Portuguese-based",Collective,,,
cr,cre,,cre,,Cree,Macrolanguage,Living,,
,crh,,crh,,Crimean Tatar; Crimean Turkish,Individual,Living,ĞšÑŠÑ‹Ñ€Ñ‹Ğ¼Ñ‚Ğ°Ñ‚Ğ°Ñ€Ğ´Ğ¶Ğ°; ĞšÑŠÑ‹Ñ€Ñ‹Ğ¼Ñ‚Ğ°Ñ‚Ğ°Ñ€ Ñ‚Ğ¸Ğ»Ğ¸; Ò Ñ‹Ñ€Ñ‹Ğ¼Ñ‚Ğ°Ñ‚Ğ°Ñ€Ò—Ğ°; Ò Ñ‹Ñ€Ñ‹Ğ¼Ñ‚Ğ°Ñ‚Ğ°Ñ€ Ñ‚Ğ¸Ğ»Ğ¸,
,crp,,,crp,Creoles and pidgins,Collective,,,
,csb,,csb,,Kashubian,Individual,Living,KaszÃ«bsczi jÃ£zÃ«k,Cassubian
,cus,,,cus,Cushitic languages,Collective,,,
cy,cym,wel,cym,,Welsh,Individual,Living,Cymraeg; y Gymraeg,
,dak,,dak,,Dakota,Individual,Living,DakhÃ³tiyapi; DakÈŸÃ³tiyapi,
da,dan,,dan,,Danish,Individual,Living,dansk,
,dar,,dar,,Dargwa,Individual,Living,Ğ´Ğ°Ñ€Ğ³Ğ°Ğ½ Ğ¼ĞµĞ·,
,day,,,day,Land Dayak languages,Collective,,,
,del,,del,,Delaware,Macrolanguage,Living,,
,den,,den,,Slave (Athapascan),Macrolanguage,Living,Dene K'e,Slavey
,dgr,,dgr,,Dogrib,Individual,Living,,
,din,,din,,Dinka,Macrolanguage,Living,ThuÉ”Å‹jÃ¤Å‹,
dv,div,,div,,Divehi; Dhivehi; Maldivian,Individual,Living,Ş‹Ş¨ŞˆŞ¬Ş€Ş¨; Ş‹Ş¨ŞˆŞ¬Ş€Ş¨Ş„Ş¦ŞŞ° Divehi,
,doi,,doi,,Dogri,Macrolanguage,Living,ğ‘ –ğ‘ µğ‘ Œğ‘ ¤ğ‘ ®; à¤¡à¥‹à¤—à¤°à¥€; ÚˆÙˆÚ¯Ø±Ù‰,
,dra,,,dra,Dravidian languages,Collective,,,
,dsb,,dsb,,Lower Sorbian,Individual,Living,Dolnoserbski; DolnoserbÅ¡Ä‡ina,
,dua,,dua,,Duala,Individual,Living,,
,dum,,dum,,"Dutch, Middle (ca. 1050-1350)",Individual,Historical,,
,dyu,,dyu,,Dyula,Individual,Living,Julakan,Jula
dz,dzo,,dzo,,Dzongkha,Individual,Living,à½¢à¾«à½¼à½„à¼‹à½à¼‹ Ä´oÅ‹kha,
,efi,,efi,,Efik,Individual,Living,,
,egy,,egy,,Egyptian (Ancient),Individual,Ancient,,
,eka,,eka,,Ekajuk,Individual,Living,,Kajuk
el,ell,gre,ell,,"Greek, Modern (1453-)",Individual,Living,ÎÎ­Î± Î•Î»Î»Î·Î½Î¹ÎºÎ¬ NÃ©a EllÃªnikÃ¡,
,elx,,elx,,Elamite,Individual,Ancient,,
en,eng,,eng,,English,Individual,Living,English,
,enm,,enm,,"English, Middle (1100-1500)",Individual,Historical,,
eo,epo,,epo,,Esperanto,Individual,Constructed,Esperanto,
et,est,,est,,Estonian,Macrolanguage,Living,eesti keel,
eu,eus,baq,eus,,Basque,Individual,Living,euskara,
ee,ewe,,ewe,,Ewe,Individual,Living,ÃˆÊ‹egbe,
,ewo,,ewo,,Ewondo,Individual,Living,,Kolo
,fan,,fan,,Fang,Individual,Living,,
fo,fao,,fao,,Faroese,Individual,Living,fÃ¸royskt,
fa,fas,per,fas,,Persian,Macrolanguage,Living,ÙØ§Ø±Ø³ÛŒ FÄrsiy,Farsi
,fat,,fat,,Fanti,Individual,Living,Mfantse; Fante; Fanti,Fante
fj,fij,,fij,,Fijian,Individual,Living,Na Vosa Vakaviti,
,fil,,fil,,Filipino; Pilipino,Individual,Living,Wikang Filipino,
fi,fin,,fin,,Finnish,Individual,Living,suomen kieli,
,fiu,,,fiu,Finno-Ugrian languages,Collective,,,Finno-Ugric languages
,fon,,fon,,Fon,Individual,Living,Fon gbÃ¨,
fr,fra,fre,fra,,French,Individual,Living,franÃ§ais,
,frm,,frm,,"French, Middle (ca. 1400-1600)",Individual,Historical,franÃ§ois; franceis,
,fro,,fro,,"French, Old (842-ca. 1400)",Individual,Historical,Franceis; FranÃ§ois; Romanz,
,frr,,frr,,Northern Frisian,Individual,Living,Frasch; Fresk; Freesk; Friisk,North Frisian
,frs,,frs,,Eastern Frisian,Individual,Living,Seeltersk,Saterland Frisian
fy,fry,,fry,,Western Frisian,Individual,Living,Frysk,West Frisian
ff,ful,,ful,,Fulah,Macrolanguage,Living,Fulfulde; Pulaar; Pular,Fula
,fur,,fur,,Friulian,Individual,Living,Furlan,
,gaa,,gaa,,Ga,Individual,Living,GÃ£,
,gay,,gay,,Gayo,Individual,Living,Basa Gayo,
,gba,,gba,,Gbaya,Macrolanguage,Living,,
,gem,,,gem,Germanic languages,Collective,,,
de,deu,ger,deu,,German,Individual,Living,Deutsch,
,gez,,gez,,Geez,Individual,Ancient,áŒá‹•á‹,Ge'ez
,gil,,gil,,Gilbertese,Individual,Living,Taetae ni Kiribati,
gd,gla,,gla,,Gaelic; Scottish Gaelic,Individual,Living,GÃ idhlig,
ga,gle,,gle,,Irish,Individual,Living,Gaeilge,
gl,glg,,glg,,Galician,Individual,Living,galego,
gv,glv,,glv,,Manx,Individual,Living,Gaelg; Gailck,
,gmh,,gmh,,"German, Middle High (ca. 1050-1500)",Individual,Historical,Diutsch,
,goh,,goh,,"German, Old High (ca. 750-1050)",Individual,Historical,Diutisk,
,gon,,gon,,Gondi,Macrolanguage,Living,,
,gor,,gor,,Gorontalo,Individual,Living,Bahasa Hulontalo,
,got,,got,,Gothic,Individual,Ancient,,
,grb,,grb,,Grebo,Macrolanguage,Living,,
,grc,,grc,,"Greek, Ancient (to 1453)",Individual,Historical,á¼™Î»Î»Î·Î½Î¹ÎºÎ®,
gn,grn,,grn,,Guarani,Macrolanguage,Living,AvaÃ±e'áº½,
,gsw,,gsw,,Swiss German; Alemannic; Alsatian,Individual,Living,SchwiizerdÃ¼tsch,
gu,guj,,guj,,Gujarati,Individual,Living,àª—à«àªœàª°àª¾àª¤à«€ GujarÄtÄ«,
,gwi,,gwi,,Gwich'in,Individual,Living,Dinjii Zhuâ€™ Ginjik,
,hai,,hai,,Haida,Macrolanguage,Living,XÌ±aat KÃ­l; XÌ±aadas KÃ­l; XÌ±aayda Kil; Xaad kil,
ht,hat,,hat,,Haitian; Haitian Creole,Individual,Living,kreyÃ²l ayisyen,
ha,hau,,hau,,Hausa,Individual,Living,Harshen Hausa; Ù‡ÙØ±Ù’Ø´ÙÙ†,
,haw,,haw,,Hawaiian,Individual,Living,Ê»ÅŒlelo HawaiÊ»i,
he,heb,,heb,,Hebrew,Individual,Living,×¢×‘×¨×™×ª 'IvriyÃ¾,
hz,her,,her,,Herero,Individual,Living,Otjiherero,
,hil,,hil,,Hiligaynon,Individual,Living,Ilonggo,
,him,,,,Himachali languages; Pahari languages,Collective,,,
hi,hin,,hin,,Hindi,Individual,Living,à¤¹à¤¿à¤¨à¥à¤¦à¥€ HindÄ«,
,hit,,hit,,Hittite,Individual,Ancient,ğ’‰ˆğ’…†ğ’‡·,
,hmn,,hmn,,Hmong; Mong,Macrolanguage,Living,lus Hmoob; lug Moob; lol Hmongb,
ho,hmo,,hmo,,Hiri Motu,Individual,Living,,
hr,hrv,,hrv,,Croatian,Individual,Living,hrvatski,
,hsb,,hsb,,Upper Sorbian,Individual,Living,hornjoserbÅ¡Ä‡ina,
hu,hun,,hun,,Hungarian,Individual,Living,magyar nyelv,
,hup,,hup,,Hupa,Individual,Living,Na:tinixwe Mixine:whe',
hy,hye,arm,hye,,Armenian,Individual,Living,Õ€Õ¡ÕµÕ¥Ö€Õ§Õ¶ HayerÃ¨n; Õ€Õ¡ÕµÕ¥Ö€Õ¥Õ¶ Hayeren,
,iba,,iba,,Iban,Individual,Living,Jaku Iban,
ig,ibo,,ibo,,Igbo,Individual,Living,Asá»¥sá»¥ Igbo,
io,ido,,ido,,Ido,Individual,Constructed,,
ii,iii,,iii,,Sichuan Yi; Nuosu,Individual,Living,ê†ˆêŒ ê‰™ Nuosuhxop,
,ijo,,,ijo,Ijo languages,Collective,,á»Šjá»,Ijaw languages
iu,iku,,iku,,Inuktitut,Macrolanguage,Living,áƒá“„á’ƒá‘á‘á‘¦ Inuktitut,
ie,ile,,ile,,Interlingue; Occidental,Individual,Constructed,,
,ilo,,ilo,,Iloko,Individual,Living,Pagsasao nga Ilokano; Ilokano,Ilocano
ia,ina,,ina,,Interlingua (International Auxiliary Language Association),Individual,Constructed,,
,inc,,,inc,Indic languages,Collective,,,Indo-Aryan languages
id,ind,,ind,,Indonesian,Individual,Living,bahasa Indonesia,
,ine,,,ine,Indo-European languages,Collective,,,
,inh,,inh,,Ingush,Individual,Living,Ğ“Ó€Ğ°Ğ»Ğ³Ó€Ğ°Ğ¹ Ğ¼Ğ¾Ñ‚Ñ‚,
ik,ipk,,ipk,,Inupiaq,Macrolanguage,Living,IÃ±upiaq,
,ira,,,ira,Iranian languages,Collective,,,
,iro,,,iro,Iroquoian languages,Collective,,,
is,isl,ice,isl,,Icelandic,Individual,Living,Ã­slenska,
it,ita,,ita,,Italian,Individual,Living,italiano; lingua italiana,
jv,jav,,jav,,Javanese,Individual,Living,ê¦§ê¦±ê¦—ê¦® / Basa Jawa,
,jbo,,jbo,,Lojban,Individual,Constructed,la .lojban.,
ja,jpn,,jpn,,Japanese,Individual,Living,æ—¥æœ¬èª Nihongo,
,jpr,,jpr,,Judeo-Persian,Individual,Living,Dzhidi,
,jrb,,jrb,,Judeo-Arabic,Macrolanguage,Living,Ø¹Ø±Ø¨ÙŠØ© ÙŠÙ‡ÙˆØ¯ÙŠØ© / ×¢×¨×‘×™×ª ×™×”×•×“×™×ª,
,kaa,,kaa,,Kara-Kalpak,Individual,Living,Qaraqalpaq tili; ÒšĞ°Ñ€Ğ°Ò›Ğ°Ğ»Ğ¿Ğ°Ò› Ñ‚Ğ¸Ğ»Ğ¸,Karakalpak
,kab,,kab,,Kabyle,Individual,Living,TamaziÉ£t Taqbaylit; Tazwawt,
,kac,,kac,,Kachin; Jingpho,Individual,Living,Jingpho,
kl,kal,,kal,,Kalaallisut; Greenlandic,Individual,Living,,
,kam,,kam,,Kamba,Individual,Living,,
kn,kan,,kan,,Kannada,Individual,Living,à²•à²¨à³à²¨à²¡ KannaÄ‘a,
,kar,,,kar,Karen languages,Collective,,,Karenic languages
ks,kas,,kas,,Kashmiri,Individual,Living,à¤•à¥‰à¤¶à¥à¤° / ÙƒØ£Ø´ÙØ±,
ka,kat,geo,kat,,Georgian,Individual,Living,áƒ¥áƒáƒ áƒ—áƒ£áƒšáƒ˜ Kharthuli,
kr,kau,,kau,,Kanuri,Macrolanguage,Living,,
,kaw,,kaw,,Kawi,Individual,Ancient,ê¦§ê¦±ê¦—ê¦®,
kk,kaz,,kaz,,Kazakh,Individual,Living,Ò›Ğ°Ğ·Ğ°Ò› Ñ‚Ñ–Ğ»Ñ– qazaq tili; Ò›Ğ°Ğ·Ğ°Ò›ÑˆĞ° qazaqÅŸa,
,kbd,,kbd,,Kabardian,Individual,Living,ĞĞ´Ñ‹Ğ³ÑĞ±Ğ·Ñ (ĞšÑŠÑĞ±ÑÑ€Ğ´ĞµĞ¹Ğ±Ğ·Ñ) AdÄ±gÄƒbzÄƒ (QÄƒbÄƒrdeÄ­bzÄƒ),
,kha,,kha,,Khasi,Individual,Living,à¦•à¦¾ à¦•à¦¤à¦¿à¦¯à¦¼à§‡à¦¨ à¦–à¦¾à¦¶à¦¿,
,khi,,,khi,Khoisan languages,Collective,,,
km,khm,,khm,,Central Khmer,Individual,Living,á—á¶áŸá¶ááŸ’á˜áŸ‚áš PhiÉ™saakhmÃ¦r,
,kho,,kho,,Khotanese; Sakan,Individual,Ancient,,Saka
ki,kik,,kik,,Kikuyu; Gikuyu,Individual,Living,GÄ©kÅ©yÅ©,
rw,kin,,kin,,Kinyarwanda,Individual,Living,Ikinyarwanda,
ky,kir,,kir,,Kirghiz; Kyrgyz,Individual,Living,ĞºÑ‹Ñ€Ğ³Ñ‹Ğ·Ñ‡Ğ° kÄ±rgÄ±zÃ§a; ĞºÑ‹Ñ€Ğ³Ñ‹Ğ· Ñ‚Ğ¸Ğ»Ğ¸ kÄ±rgÄ±z tili,
,kmb,,kmb,,Kimbundu,Individual,Living,,
,kok,,kok,,Konkani,Macrolanguage,Living,à¤•à¥‹à¤‚à¤•à¤£à¥€,
kv,kom,,kom,,Komi,Macrolanguage,Living,ĞšĞ¾Ğ¼Ğ¸ ĞºÑ‹Ğ²,
kg,kon,,kon,,Kongo,Macrolanguage,Living,,
ko,kor,,kor,,Korean,Individual,Living,í•œêµ­ì–´ Han'gug'Ã´,
,kos,,kos,,Kosraean,Individual,Living,,
,kpe,,kpe,,Kpelle,Macrolanguage,Living,KpÉ›lÉ›woo,
,krc,,krc,,Karachay-Balkar,Individual,Living,ĞšÑŠĞ°Ñ€Ğ°Ñ‡Ğ°Ğ¹-ĞœĞ°Ğ»ĞºÑŠĞ°Ñ€ Ñ‚Ğ¸Ğ»; Ğ¢Ğ°ÑƒĞ»Ñƒ Ñ‚Ğ¸Ğ»,
,krl,,krl,,Karelian,Individual,Living,karjal; kariela; karjala,
,kro,,,kro,Kru languages,Collective,,,
,kru,,kru,,Kurukh,Individual,Living,à¤•à¥à¤¡à¤¼à¥à¤–à¤¼,
kj,kua,,kua,,Kuanyama; Kwanyama,Individual,Living,,
,kum,,kum,,Kumyk,Individual,Living,ĞºÑŠÑƒĞ¼ÑƒĞºÑŠ Ñ‚Ğ¸Ğ»/qumuq til,
ku,kur,,kur,,Kurdish,Macrolanguage,Living,kurdÃ® / Ú©ÙˆØ±Ø¯ÛŒ,
,kut,,kut,,Kutenai,Individual,Living,,
,lad,,lad,,Ladino,Individual,Living,Judeo-espaÃ±ol,Judaeo-Spanish
,lah,,lah,,Lahnda,Macrolanguage,Living,Ø¨Ú¾Ø§Ø±Øª Ú©Ø§,Western Punjabi
,lam,,lam,,Lamba,Individual,Living,,
lo,lao,,lao,,Lao,Individual,Living,àºàº²àºªàº²àº¥àº²àº§ Phasalaw,
la,lat,,lat,,Latin,Individual,Ancient,Lingua latÄ«na,
lv,lav,,lav,,Latvian,Macrolanguage,Living,LatvieÅ¡u valoda,
,lez,,lez,,Lezghian,Individual,Living,Ğ›ĞµĞ·Ğ³Ğ¸ Ñ‡ÓĞ°Ğ»,Lezgian
li,lim,,lim,,Limburgan; Limburger; Limburgish,Individual,Living,LÃ¨mburgs,
ln,lin,,lin,,Lingala,Individual,Living,,
lt,lit,,lit,,Lithuanian,Individual,Living,lietuviÅ³ kalba,
,lol,,lol,,Mongo,Individual,Living,Lomongo,
,loz,,loz,,Lozi,Individual,Living,,
lb,ltz,,ltz,,Luxembourgish; Letzeburgesch,Individual,Living,LÃ«tzebuergesch,
,lua,,lua,,Luba-Lulua,Individual,Living,Tshiluba,Luba-Kasai
lu,lub,,lub,,Luba-Katanga,Individual,Living,Kiluba,
lg,lug,,lug,,Ganda,Individual,Living,Luganda,Luganda
,lui,,lui,,Luiseno,Individual,Extinct,Cham'teela,
,lun,,lun,,Lunda,Individual,Living,Chilunda,
,luo,,luo,,Luo (Kenya and Tanzania),Individual,Living,Dholuo,
,lus,,lus,,Lushai,Individual,Living,Mizo á¹­awng,Mizo
,mad,,mad,,Madurese,Individual,Living,Madhura,
,mag,,mag,,Magahi,Individual,Living,à¤®à¤—à¤¹à¥€,
mh,mah,,mah,,Marshallese,Individual,Living,Kajin MÌ§ajeÄ¼,
,mai,,mai,,Maithili,Individual,Living,à¤®à¥ˆà¤¥à¤¿à¤²à¥€; à¦®à§ˆà¦¥à¦¿à¦²à§€,
,mak,,mak,,Makasar,Individual,Living,Basa Mangkasara' / á¨…á¨” á¨†á¨€á¨”á¨‘,Makassarese
ml,mal,,mal,,Malayalam,Individual,Living,à´®à´²à´¯à´¾à´³à´‚ MalayÄÄ¼Ã£,
,man,,man,,Mandingo,Macrolanguage,Living,Mandi'nka kango,Manding
,map,,,map,Austronesian languages,Collective,,,
mr,mar,,mar,,Marathi,Individual,Living,à¤®à¤°à¤¾à¤ à¥€ MarÄÅ£hÄ«,
,mas,,mas,,Masai,Individual,Living,É”l,
,mdf,,mdf,,Moksha,Individual,Living,Ğ¼Ğ¾ĞºÑˆĞµĞ½ÑŒ ĞºÑĞ»ÑŒ,
,mdr,,mdr,,Mandar,Individual,Living,,
,men,,men,,Mende,Individual,Living,MÉ›nde yia,
,mga,,mga,,"Irish, Middle (900-1200)",Individual,Historical,Gaoidhealg,
,mic,,mic,,Mi'kmaq; Micmac,Individual,Living,MÃ­kmawÃ­simk,
,min,,min,,Minangkabau,Individual,Living,Baso Minang,
,mis,,mis,,Uncoded languages,Special,,,
mk,mkd,mac,mkd,,Macedonian,Individual,Living,Ğ¼Ğ°ĞºĞµĞ´Ğ¾Ğ½ÑĞºĞ¸ Ñ˜Ğ°Ğ·Ğ¸Ğº makedonski jazik,
,mkh,,,mkh,Mon-Khmer languages,Collective,,,Austroasiatic languages
mg,mlg,,mlg,,Malagasy,Macrolanguage,Living,,
mt,mlt,,mlt,,Maltese,Individual,Living,Malti,
,mnc,,mnc,,Manchu,Individual,Living,á ®á  á ¨á µá¡  á¡¤á¡³á °á¡ á ¨ Manju gisun,
,mni,,mni,,Manipuri,Individual,Living,,Meitei
,mno,,,mno,Manobo languages,Collective,,,
,moh,,moh,,Mohawk,Individual,Living,Kanienâ€™kÃ©ha,
mn,mon,,mon,,Mongolian,Macrolanguage,Living,Ğ¼Ğ¾Ğ½Ğ³Ğ¾Ğ» Ñ…ÑĞ» mongol xel; á ®á £á ©á ­á £á ¯ á ¬á ¡á ¯á ¡,
,mos,,mos,,Mossi,Individual,Living,MoorÃ©,
mi,mri,mao,mri,,Maori,Individual,Living,Te Reo MÄori,
ms,msa,may,msa,,Malay,Macrolanguage,Living,Bahasa Melayu,
,mul,,mul,,Multiple languages,Special,,,
,mun,,,mun,Munda languages,Collective,,,
,mus,,mus,,Creek,Individual,Living,Mvskoke,Muscogee
,mwl,,mwl,,Mirandese,Individual,Living,mirandÃ©s; lhÃ©ngua mirandesa,
,mwr,,mwr,,Marwari,Macrolanguage,Living,à¤®à¤¾à¤°à¤µà¤¾à¤¡à¤¼à¥€,
my,mya,bur,mya,,Burmese,Individual,Living,á€™á€¼á€”á€ºá€™á€¬á€…á€¬ MrÃ£mÄcÄ; á€™á€¼á€”á€ºá€™á€¬á€…á€€á€¬á€¸ MrÃ£mÄkÄ:,Myanmar
,myn,,,myn,Mayan languages,Collective,,,
,myv,,myv,,Erzya,Individual,Living,ÑÑ€Ğ·ÑĞ½ÑŒ ĞºĞµĞ»ÑŒ,
,nah,,,nah,Nahuatl languages,Collective,,,Nahuan languages
,nai,,,nai,North American Indian languages,Collective,,,
,nap,,nap,,Neapolitan,Individual,Living,napulitano,
na,nau,,nau,,Nauru,Individual,Living,dorerin Naoero,Nauruan
nv,nav,,nav,,Navajo; Navaho,Individual,Living,DinÃ© bizaad; NaabeehÃ³ bizaad,
nr,nbl,,nbl,,"Ndebele, South; South Ndebele",Individual,Living,isiNdebele seSewula,Southern Ndebele
nd,nde,,nde,,"Ndebele, North; North Ndebele",Individual,Living,siNdebele saseNyakatho,Northern Ndebele
ng,ndo,,ndo,,Ndonga,Individual,Living,ndonga,
,nds,,nds,,"Low German; Low Saxon; German, Low; Saxon, Low",Individual,Living,PlattdÃ¼tsch; PlattdÃ¼Ã¼tsch,
ne,nep,,nep,,Nepali,Macrolanguage,Living,à¤¨à¥‡à¤ªà¤¾à¤²à¥€ à¤­à¤¾à¤·à¤¾ NepÄlÄ« bhÄÅ›Ä,
,new,,new,,Nepal Bhasa; Newari,Individual,Living,à¤¨à¥‡à¤ªà¤¾à¤² à¤­à¤¾à¤·à¤¾; à¤¨à¥‡à¤µà¤¾à¤ƒ à¤­à¤¾à¤¯à¥,Newar
,nia,,nia,,Nias,Individual,Living,Li Niha,
,nic,,,nic,Niger-Kordofanian languages,Collective,,,Niger-Congo languages
,niu,,niu,,Niuean,Individual,Living,ko e vagahau NiuÄ“,
nl,nld,dut,nld,,Dutch; Flemish,Individual,Living,Nederlands; Vlaams,
nn,nno,,nno,,"Norwegian Nynorsk; Nynorsk, Norwegian",Individual,Living,norsk nynorsk,Nynorsk
nb,nob,,nob,,"BokmÃ¥l, Norwegian; Norwegian BokmÃ¥l",Individual,Living,norsk bokmÃ¥l,BokmÃ¥l
,nog,,nog,,Nogai,Individual,Living,ĞĞ¾Ğ³Ğ°Ğ¹ Ñ‚Ğ¸Ğ»Ğ¸,
,non,,non,,"Norse, Old",Individual,Historical,DÇ«nsk tunga; NorrÅ“nt mÃ¡l,
no,nor,,nor,,Norwegian,Macrolanguage,Living,norsk,
,nqo,,nqo,,N'Ko,Individual,Living,,
,nso,,nso,,Pedi; Sepedi; Northern Sotho,Individual,Living,Sesotho sa Leboa,
,nub,,,nub,Nubian languages,Collective,,Ù„ØºØ§Øª Ù†ÙˆØ¨ÙŠØ©,
,nwc,,nwc,,Classical Newari; Old Newari; Classical Nepal Bhasa,Individual,Historical,à¤ªà¥à¤²à¤¾à¤‚ à¤­à¤¾à¤¯à¥; à¤ªà¥à¤²à¤¾à¤™à¥ à¤¨à¥‡à¤ªà¤¾à¤² à¤­à¤¾à¤¯à¥,
ny,nya,,nya,,Chichewa; Chewa; Nyanja,Individual,Living,Chichewa; Chinyanja,
,nym,,nym,,Nyamwezi,Individual,Living,,
,nyn,,nyn,,Nyankole,Individual,Living,,Nkore
,nyo,,nyo,,Nyoro,Individual,Living,Runyoro,
,nzi,,nzi,,Nzima,Individual,Living,,Nzema
oc,oci,,oci,,Occitan (post 1500),Individual,Living,occitan; lenga d'Ã²c,
oj,oji,,oji,,Ojibwa,Macrolanguage,Living,,Ojibwe
or,ori,,ori,,Oriya,Macrolanguage,Living,à¬“à¬¡à¬¼à¬¿à¬†,Odia
om,orm,,orm,,Oromo,Macrolanguage,Living,Afaan Oromoo,
,osa,,osa,,Osage,Individual,Living,Wazhazhe ie / ğ“ğ“˜ğ“»ğ“˜ğ“»ğ“Ÿ ğ’»ğ“Ÿ,
os,oss,,oss,,Ossetian; Ossetic,Individual,Living,Ğ˜Ñ€Ğ¾Ğ½ Ã¦Ğ²Ğ·Ğ°Ğ³ Iron Ã¦vzag,
,ota,,ota,,"Turkish, Ottoman (1500-1928)",Individual,Historical,Ù„Ø³Ø§Ù† Ø¹Ø«Ù…Ø§Ù†Ù‰ / lisÃ¢n-Ä± OsmÃ¢nÃ®,
,oto,,,oto,Otomian languages,Collective,,,Oto-Pamean languages
,paa,,,paa,Papuan languages,Collective,Individual,Living,a tekoi er a Belau
,pag,,pag,,Pangasinan,Individual,Living,Salitan Pangasinan,
,pal,,pal,,Pahlavi,Individual,Ancient,PÄrsÄ«k; PÄrsÄ«g,Middle Persian
,pam,,pam,,Pampanga; Kapampangan,Individual,Living,AmÃ¡nung Kapampangan; AmÃ¡nung SÃ­suan,
pa,pan,,pan,,Panjabi; Punjabi,Individual,Living,à¨ªà©°à¨œà¨¾à¨¬à©€ / Ù¾Ù†Ø¬Ø§Ø¨ÛŒ PÃ£jÄbÄ«,
,pap,,pap,,Papiamento,Individual,Living,Papiamentu,
,pau,,pau,,Palauan,Individual,Living,a tekoi er a Belau,
,peo,,peo,,"Persian, Old (ca. 600-400 B.C.)",Individual,Historical,,
,phi,,,phi,Philippine languages,Collective,,,
,phn,,phn,,Phoenician,Individual,Ancient,ğ¤ƒğ¤ğ¤“ğ¤‰ğ¤Œ ğ¤Šğ¤ğ¤ğ¤ğ¤‰ğ¤Œ Dabariym Kana'aniym,
pi,pli,,pli,,Pali,Individual,Ancient,PÄli,
pl,pol,,pol,,Polish,Individual,Living,JÄ™zyk polski,
,pon,,pon,,Pohnpeian,Individual,Living,,
pt,por,,por,,Portuguese,Individual,Living,portuguÃªs,
,pra,,,pra,Prakrit languages,Collective,,,
,pro,,pro,,"ProvenÃ§al, Old (to 1500); Old Occitan (to 1500)",Individual,Historical,,
ps,pus,,pus,,Pushto; Pashto,Macrolanguage,Living,Ù¾ÚšØªÙˆ PaxÌŒtow,
qu,que,,que,,Quechua,Macrolanguage,Living,Runa simi; kichwa simi; Nuna shimi,
,raj,,raj,,Rajasthani,Macrolanguage,Living,à¤°à¤¾à¤œà¤¸à¥à¤¥à¤¾à¤¨à¥€,
,rap,,rap,,Rapanui,Individual,Living,Vananga rapa nui,
,rar,,rar,,Rarotongan; Cook Islands Maori,Individual,Living,MÄori KÅ«ki 'Ä€irani,
,roa,,,roa,Romance languages,Collective,,,
rm,roh,,roh,,Romansh,Individual,Living,Rumantsch; RumÃ ntsch; Romauntsch; Romontsch,
,rom,,rom,,Romany,Macrolanguage,Living,romani Ähib,Romani
ro,ron,rum,ron,,Romanian; Moldavian; Moldovan,Individual,Living,limba romÃ¢nÄƒ,
rn,run,,run,,Rundi,Individual,Living,Ikirundi,Kirundi
,rup,,rup,,Aromanian; Arumanian; Macedo-Romanian,Individual,Living,armÃ£neashce; armÃ£neashti; rrÃ£mÃ£neshti,
ru,rus,,rus,,Russian,Individual,Living,Ñ€ÑƒÑÑĞºĞ¸Ğ¹ ÑĞ·Ñ‹Ğº russkiÄ­ Ã¢zÄ±k,
,sad,,sad,,Sandawe,Individual,Living,Sandaweeki,
sg,sag,,sag,,Sango,Individual,Living,yÃ¢ngÃ¢ tÃ® sÃ¤ngÃ¶,
,sah,,sah,,Yakut,Individual,Living,Ğ¡Ğ°Ñ…Ğ°Ğ»Ñ‹Ñ‹,
,sai,,,sai,South American Indian languages,Collective,,,
,sal,,,sal,Salishan languages,Collective,,,
,sam,,sam,,Samaritan Aramaic,Individual,Extinct,××¨××™×ª,
sa,san,,san,,Sanskrit,Individual,Ancient,à¤¸à¤‚à¤¸à¥à¤•à¥ƒà¤¤à¤®à¥ SÄ…skÅ•tam; ğ‘Œ¸ğ‘Œ‚ğ‘Œ¸ğ‘ğ‘Œ•ğ‘ƒğ‘Œ¤ğ‘Œ®ğ‘,
,sas,,sas,,Sasak,Individual,Living,,
,sat,,sat,,Santali,Individual,Living,á±¥á±Ÿá±±á±›á±Ÿá±²á±¤,
,scn,,scn,,Sicilian,Individual,Living,Sicilianu,
,sco,,sco,,Scots,Individual,Living,Braid Scots; Lallans,
,sel,,sel,,Selkup,Individual,Living,,
,sem,,,sem,Semitic languages,Collective,,,
,sga,,sga,,"Irish, Old (to 900)",Individual,Historical,GoÃ­delc,
,sgn,,,sgn,Sign Languages,Collective,,,
,shn,,shn,,Shan,Individual,Living,áµá‚‚á¢á€™á€ºá€¸á€á‚†á€¸á€šá‚‚á€º,
,sid,,sid,,Sidamo,Individual,Living,Sidaamu Afoo,
si,sin,,sin,,Sinhala; Sinhalese,Individual,Living,à·ƒà·’à¶‚à·„à¶½ SÄ©hala,
,sio,,,sio,Siouan languages,Collective,,,
,sit,,,sit,Sino-Tibetan languages,Collective,,,
,sla,,,sla,Slavic languages,Collective,,,
sk,slk,slo,slk,,Slovak,Individual,Living,slovenÄina; slovenskÃ½ jazyk,
sl,slv,,slv,,Slovenian,Individual,Living,slovenski jezik; slovenÅ¡Äina,Slovene
,sma,,sma,,Southern Sami,Individual,Living,Ã…arjelsaemien gÃ¯ele,
se,sme,,sme,,Northern Sami,Individual,Living,davvisÃ¡megiella,
,smi,,,smi,Sami languages,Collective,,,
,smj,,smj,,Lule Sami,Individual,Living,julevsÃ¡megiella,
,smn,,smn,,Inari Sami,Individual,Living,anarÃ¢Å¡kielÃ¢,
sm,smo,,smo,,Samoan,Individual,Living,Gagana faÊ»a SÄmoa,
,sms,,sms,,Skolt Sami,Individual,Living,sÃ¤Ã¤Ê¹mÇ©iÃµll,
sn,sna,,sna,,Shona,Individual,Living,chiShona,
sd,snd,,snd,,Sindhi,Individual,Living,Ø³Ù†ÚŒÙŠ / à¤¸à¤¿à¤¨à¥à¤§à¥€ / à¨¸à¨¿à©°à¨§à©€,
,snk,,snk,,Soninke,Individual,Living,Sooninkanxanne,
,sog,,sog,,Sogdian,Individual,Ancient,,
so,som,,som,,Somali,Individual,Living,af Soomaali,
,son,,,son,Songhai languages,Collective,,,Songhay languages
st,sot,,sot,,"Sotho, Southern",Individual,Living,Sesotho (southern),
es,spa,,spa,,Spanish; Castilian,Individual,Living,espaÃ±ol; castellano,
sq,sqi,alb,sqi,,Albanian,Macrolanguage,Living,Shqip,
sc,srd,,srd,,Sardinian,Macrolanguage,Living,sardu; limba sarda; lingua sarda,
,srn,,srn,,Sranan Tongo,Individual,Living,,
sr,srp,,srp,,Serbian,Individual,Living,ÑÑ€Ğ¿ÑĞºĞ¸ / srpski,
,srr,,srr,,Serer,Individual,Living,Seereer,
,ssa,,,ssa,Nilo-Saharan languages,Collective,,,
ss,ssw,,ssw,,Swati,Individual,Living,siSwati,Swazi
,suk,,suk,,Sukuma,Individual,Living,KÉªsukuma,
su,sun,,sun,,Sundanese,Individual,Living,á®˜á® á®á®¥á®”á®ªá®“ / Basa Sunda,
,sus,,sus,,Susu,Individual,Living,Sosoxui,
,sux,,sux,,Sumerian,Individual,Ancient,ğ’…´ğ’‚ ,
sw,swa,,swa,,Swahili,Macrolanguage,Living,Kiswahili,
sv,swe,,swe,,Swedish,Individual,Living,svenska,
,syc,,syc,,Classical Syriac,Individual,Historical,,
,syr,,syr,,Syriac,Macrolanguage,Living,Ü Ü«Ü¢Ü Ü£Ü˜ÜªÜÜÜ LeÅ¡ÄnÄ SuryÄyÄ,
ty,tah,,tah,,Tahitian,Individual,Living,Reo Tahiti; Reo MÄ'ohi,
,tai,,,tai,Tai languages,Collective,,à¸ à¸²à¸©à¸²à¹„à¸—; à¸ à¸²à¸©à¸²à¹„à¸•,
ta,tam,,tam,,Tamil,Individual,Living,à®¤à®®à®¿à®´à¯ TamiÅ‚,
tt,tat,,tat,,Tatar,Individual,Living,Ñ‚Ğ°Ñ‚Ğ°Ñ€ Ñ‚ĞµĞ»Ğµ / tatar tele / ØªØ§ØªØ§Ø±,
te,tel,,tel,,Telugu,Individual,Living,à°¤à±†à°²à±à°—à± Telugu,
,tem,,tem,,Timne,Individual,Living,KÊŒThemnÉ›,Temne
,ter,,ter,,Tereno,Individual,Living,TerÃªna,Terena
,tet,,tet,,Tetum,Individual,Living,Lia-Tetun,
tg,tgk,,tgk,,Tajik,Individual,Living,Ñ‚Ğ¾Ò·Ğ¸ĞºÓ£ toÃ§ikÄ«,
tl,tgl,,tgl,,Tagalog,Individual,Living,Wikang Tagalog,
th,tha,,tha,,Thai,Individual,Living,à¸ à¸²à¸©à¸²à¹„à¸—à¸¢ Phasathay,
,tig,,tig,,Tigre,Individual,Living,á‰µáŒáˆ¨; á‰µáŒáˆ¬; áŠ»áˆ³; á‰µáŒáˆ«á‹­á‰µ,
ti,tir,,tir,,Tigrinya,Individual,Living,á‰µáŒáˆ­áŠ›,
,tiv,,tiv,,Tiv,Individual,Living,,
,tkl,,tkl,,Tokelau,Individual,Living,,Tokelauan
,tlh,,tlh,,Klingon; tlhIngan-Hol,Individual,Constructed,,
,tli,,tli,,Tlingit,Individual,Living,LingÃ­t,
,tmh,,tmh,,Tamashek,Macrolanguage,Living,,Tamasheq
,tog,,tog,,Tonga (Nyasa),Individual,Living,chiTonga,
to,ton,,ton,,Tonga (Tonga Islands),Individual,Living,lea faka-Tonga,Tongan
,tpi,,tpi,,Tok Pisin,Individual,Living,,
,tsi,,tsi,,Tsimshian,Individual,Living,,
tn,tsn,,tsn,,Tswana,Individual,Living,Setswana,
ts,tso,,tso,,Tsonga,Individual,Living,Xitsonga,
tk,tuk,,tuk,,Turkmen,Individual,Living,TÃ¼rkmenÃ§e / Ğ¢Ò¯Ñ€ĞºĞ¼ĞµĞ½Ñ‡Ğµ / ØªÙˆØ±Ú©Ù…Ù† ØªÛŒÙ„ÛŒ ØªÙˆØ±Ú©Ù…Ù†Ú†; tÃ¼rkmen dili / Ñ‚Ò¯Ñ€ĞºĞ¼ĞµĞ½ Ğ´Ğ¸Ğ»Ğ¸,
,tum,,tum,,Tumbuka,Individual,Living,chiTumbuka,
,tup,,,tup,Tupi languages,Collective,,,Tupian languages
tr,tur,,tur,,Turkish,Individual,Living,TÃ¼rkÃ§e,
,tut,,,tut,Altaic languages,Collective,,,
,tvl,,tvl,,Tuvalu,Individual,Living,Te Ggana Tuuvalu; Te Gagana Tuuvalu,Tuvaluan
tw,twi,,twi,,Twi,Individual,Living,,
,tyv,,tyv,,Tuvinian,Individual,Living,Ñ‚Ñ‹Ğ²Ğ° Ğ´Ñ‹Ğ»,Tuvan
,udm,,udm,,Udmurt,Individual,Living,ÑƒĞ´Ğ¼ÑƒÑ€Ñ‚ ĞºÑ‹Ğ»,
,uga,,uga,,Ugaritic,Individual,Ancient,,
ug,uig,,uig,,Uighur; Uyghur,Individual,Living,Ø¦Û‡ÙŠØºÛ‡Ø±Ú†Û• ; Ø¦Û‡ÙŠØºÛ‡Ø± ØªÙ‰Ù„Ù‰,
uk,ukr,,ukr,,Ukrainian,Individual,Living,ÑƒĞºÑ€Ğ°Ñ—Ğ½ÑÑŒĞºĞ° Ğ¼Ğ¾Ğ²Ğ° ukraÃ¯ns'ka mova,
,umb,,umb,,Umbundu,Individual,Living,ÃšmbÃºndÃº,
,und,,und,,Undetermined,Special,,,
ur,urd,,urd,,Urdu,Individual,Living,Ø§ÙØ±Ø¯ÙÙˆ Urduw,
uz,uzb,,uzb,,Uzbek,Macrolanguage,Living,OÊ»zbekcha / Ã“zbekÃ§a / ÑĞ·Ğ±ĞµĞºÑ‡Ğ° / Ø¦ÙˆØ²Ø¨ÛÚ†Ù‡; oÊ»zbek tili / ÑĞ·Ğ±ĞµĞº Ñ‚Ğ¸Ğ»Ğ¸ / Ø¦ÙˆØ¨ÛÚ© ØªÛŒÙ„ÛŒ,
,vai,,vai,,Vai,Individual,Living,ê•™ê”¤,
ve,ven,,ven,,Venda,Individual,Living,Tshivená¸“a,
vi,vie,,vie,,Vietnamese,Individual,Living,Tiáº¿ng Viá»‡t,
vo,vol,,vol,,VolapÃ¼k,Individual,Constructed,,
,vot,,vot,,Votic,Individual,Living,vaÄ‘Ä‘a ceeli,
,wak,,,wak,Wakashan languages,Collective,,,
,wal,,wal,,Wolaitta; Wolaytta,Individual,Living,,
,war,,war,,Waray,Individual,Living,Winaray; SamareÃ±o; Lineyte-Samarnon; BinisayÃ¢ nga Winaray; BinisayÃ¢ nga Samar-Leyte; â€œBinisayÃ¢ nga Warayâ€,
,was,,was,,Washo,Individual,Living,wÃ¡:Å¡iw Ê”Ã­tlu,
,wen,,,wen,Sorbian languages,Collective,,Serbsce / Serbski,
wa,wln,,wln,,Walloon,Individual,Living,Walon,
wo,wol,,wol,,Wolof,Individual,Living,,
,xal,,xal,,Kalmyk; Oirat,Individual,Living,Ğ¥Ğ°Ğ»ÑŒĞ¼Ğ³ ĞºĞµĞ»Ğ½ / XaÄ¾mg keln,
xh,xho,,xho,,Xhosa,Individual,Living,isiXhosa,
,yao,,yao,,Yao,Individual,Living,,
,yap,,yap,,Yapese,Individual,Living,,
yi,yid,,yid,,Yiddish,Macrolanguage,Living,×™×™Ö´×“×™×©; ×™×™×“×™×©; ××™×“×™×© YidiÅ¡,
yo,yor,,yor,,Yoruba,Individual,Living,Ã¨dÃ¨ YorÃ¹bÃ¡,
,ypk,,,ypk,Yupik languages,Collective,,,
,zap,,zap,,Zapotec,Macrolanguage,Living,DiidxazÃ¡,
,zbl,,zbl,,Blissymbols; Blissymbolics; Bliss,Individual,Constructed,,
,zen,,zen,,Zenaga,Individual,Living,Tuá¸á¸ungiyya,
,zgh,,zgh,,Standard Moroccan Tamazight,Individual,Living,âµœâ´°âµâ´°âµ£âµ‰âµ–âµœ âµœâ´°âµâ´°âµ¡â´°âµ¢âµœ,Standard Moroccan Berber
za,zha,,zha,,Zhuang; Chuang,Macrolanguage,Living,Vahcuengh / è©±åƒ®,
zh,zho,chi,zho,,Chinese,Macrolanguage,Living,ä¸­æ–‡ ZhÅngwÃ©n; æ±‰è¯­; æ¼¢èª HÃ nyÇ”,
,znd,,,znd,Zande languages,Collective,,,
zu,zul,,zul,,Zulu,Individual,Living,isiZulu,
,zun,,zun,,Zuni,Individual,Living,Shiwi'ma,
,zxx,,zxx,,No linguistic content; Not applicable,Special,,,
,zza,,zza,,Zaza; Dimili; Dimli; Kirdki; Kirmanjki; Zazaki,Macrolanguage,Living,kirmanckÃ®; dimilkÃ®; kirdkÃ®; zazakÃ®,
